{
  "T0": 0.11090431590915784,
  "alpha": 0.0024977690492493454,
  "beta": -0.0015958805827614238,
  "r2": 0.07751322024930785
}